HTTP Request,View all orders,View all orders based on specific date,View all orders placed by a specific customer,Accept Order details,Modify Order,Cancel Order
URL  http://localhost:3000/orders, http://localhost:3000/orders?orderDate=06-29-2022, http://localhost:3000/orders?customer.name=Mary ,
    http://localhost:3000/orders, http://localhost:3000/orders/601, http://localhost:3000/orders/606,,

METHOD  GET,GET,GET,POST,PUT,DELETE,,
"Request Body 		",,,,,,
"Content Type	",,,,,,
Body  {
    "id": 606,
    "orderDate": "3-31-2022",
    "items": [
        {
            "itemName": "Momos",
            "price": 40.72
        },
        {
            "itemName": "Samosa",
            "price": 41.4
        }
    ],
    "customer": {
        "name": "Manish",
        "email": "Manish@gmail.com",
        "phoneNumber": "+91778899445566",
        "address": {
            "streetName": "LandMark road",
            "streetNo": "100",
            "postalCode": "85254"
        }
    }
}, {
    "id": 601,
    "orderDate": "12-31-2022",
    "items": [
        {
            "itemName": "Momos",
            "price": 40.72
        },
        {
            "itemName": "Samosa",
            "price": 41.4
        }
    ],
    "customer": {
        "name": "Manish",
        "email": "Manish@gmail.com",
        "phoneNumber": "+91778899445566",
        "address": {
            "streetName": "LandMark road",
            "streetNo": "100",
            "postalCode": "85254"
        }
    }
},,,,,
,,,,,,
HTTP Response GET /orders 200 28.176 ms - -, GET /orders?orderDate=06-29-2022 200 32.801 ms - 400, GET /orders?customer.name=Mary 200 23.158 ms - -,
                POST /orders 201 30.133 ms - 409, PUT /orders/601 200 25.261 ms - 410, DELETE /orders/606 200 21.555 ms - 2,,
Status Code  200,200, 200,201,200,,
Status Message  OK, OK, OK, OK,OK,,
Body  [
    {
        "id": 601,
        "orderDate": "06-22-2022",
        "items": [
            {
                "itemName": "Berry Blast",
                "price": 1.72
            },
            {
                "itemName": "Emilgrana & Mushroom Dip",
                "price": 41.4
            }
        ],
        "customer": {
            "name": "Mary",
            "email": "mary@gmail.com",
            "phoneNumber": "+11524449876",
            "address": {
                "streetName": "Scottsdale Kierland",
                "streetNo": "100",
                "postalCode": "85254"
            }
        }
    },
    {
        "id": 602,
        "orderDate": "06-24-2022",
        "items": [
            {
                "itemName": "Potato Wedges",
                "price": 42.99
            },
            {
                "itemName": "Cheese Burst Pizza",
                "price": 50
            },
            {
                "itemName": "Oreo Monster Shake",
                "price": 3.78
            }
        ],
        "customer": {
            "name": "Paul",
            "email": "Paul@gmail.com",
            "phoneNumber": "+11526789543",
            "address": {
                "streetName": "Buena Vista Drive",
                "streetNo": "A-498",
                "postalCode": "32830"
            }
        }
    },
    {
        "id": 603,
        "orderDate": "06-25-2022",
        "items": [
            {
                "itemName": "Mexican Delight Pizza",
                "price": 68
            }
        ],
        "customer": {
            "name": "Jennifer",
            "email": "Jennifer@yahoo.com",
            "phoneNumber": "+11525432178",
            "address": {
                "streetName": "Beachwalk",
                "streetNo": "902",
                "postalCode": "96815"
            }
        }
    },
    {
        "id": 604,
        "orderDate": "06-27-2022",
        "items": [
            {
                "itemName": "Berry Blast",
                "price": 1.72
            },
            {
                "itemName": "Garlic Bread Mozzarella",
                "price": 45.99
            },
            {
                "itemName": "Risotto Con Funghi Veg",
                "price": 75
            }
        ],
        "customer": {
            "name": "Mary",
            "email": "mary@gmail.com",
            "phoneNumber": "+11524449876",
            "address": {
                "streetName": "Scottsdale Kierland",
                "streetNo": "100",
                "postalCode": "85254"
            }
        }
    },
    {
        "id": 605,
        "orderDate": "06-29-2022",
        "items": [
            {
                "itemName": " Combo of 2 Veg Pizzas",
                "price": 80
            }
        ],
        "customer": {
            "name": "David",
            "email": "david@gmail.com",
            "phoneNumber": "+11527896543",
            "address": {
                "streetName": "Court Street",
                "streetNo": "123",
                "postalCode": "2617"
            }
        }
    }
], [
    {
        "id": 605,
        "orderDate": "06-29-2022",
        "items": [
            {
                "itemName": " Combo of 2 Veg Pizzas",
                "price": 80
            }
        ],
        "customer": {
            "name": "David",
            "email": "david@gmail.com",
            "phoneNumber": "+11527896543",
            "address": {
                "streetName": "Court Street",
                "streetNo": "123",
                "postalCode": "2617"
            }
        }
    }
], [
    {
        "id": 601,
        "orderDate": "06-22-2022",
        "items": [
            {
                "itemName": "Berry Blast",
                "price": 1.72
            },
            {
                "itemName": "Emilgrana & Mushroom Dip",
                "price": 41.4
            }
        ],
        "customer": {
            "name": "Mary",
            "email": "mary@gmail.com",
            "phoneNumber": "+11524449876",
            "address": {
                "streetName": "Scottsdale Kierland",
                "streetNo": "100",
                "postalCode": "85254"
            }
        }
    },
    {
        "id": 604,
        "orderDate": "06-27-2022",
        "items": [
            {
                "itemName": "Berry Blast",
                "price": 1.72
            },
            {
                "itemName": "Garlic Bread Mozzarella",
                "price": 45.99
            },
            {
                "itemName": "Risotto Con Funghi Veg",
                "price": 75
            }
        ],
        "customer": {
            "name": "Mary",
            "email": "mary@gmail.com",
            "phoneNumber": "+11524449876",
            "address": {
                "streetName": "Scottsdale Kierland",
                "streetNo": "100",
                "postalCode": "85254"
            }
        }
    }
], {
    "id": 606,
    "orderDate": "3-31-2022",
    "items": [
        {
            "itemName": "Momos",
            "price": 40.72
        },
        {
            "itemName": "Samosa",
            "price": 41.4
        }
    ],
    "customer": {
        "name": "Manish",
        "email": "Manish@gmail.com",
        "phoneNumber": "+91778899445566",
        "address": {
            "streetName": "LandMark road",
            "streetNo": "100",
            "postalCode": "85254"
        }
    }
},{
    "id": 601,
    "orderDate": "12-31-2022",
    "items": [
        {
            "itemName": "Momos",
            "price": 40.72
        },
        {
            "itemName": "Samosa",
            "price": 41.4
        }
    ],
    "customer": {
        "name": "Manish",
        "email": "Manish@gmail.com",
        "phoneNumber": "+91778899445566",
        "address": {
            "streetName": "LandMark road",
            "streetNo": "100",
            "postalCode": "85254"
        }
    }
}, {},
